{
    "0.0": [
        0.661766992365215,
        0.661766992365215,
        0.661766992365215,
        0.661766992365215,
        0.661766992365215,
        0.661766992365215,
        0.661766992365215,
        0.661766992365215,
        0.661766992365215,
        0.661766992365215,
        0.661766992365215,
        0.661766992365215,
        0.661766992365215,
        0.661766992365215,
        0.661766992365215,
        0.661766992365215,
        0.661766992365215,
        0.661766992365215,
        0.661766992365215,
        0.661766992365215
    ],
    "0.1": [
        0.6613466752761183,
        0.5828573444775115,
        0.6856067227984014,
        0.612374850524839,
        0.6863437802934126,
        0.6000764619404779,
        0.7864599449538296,
        0.6863437802934126,
        0.8177533513813235,
        0.7294203486015404,
        0.7683058726537342,
        0.8188082691528172,
        0.6743030887275016,
        0.6916283742077596,
        0.661766992365215,
        0.7149297829556379,
        0.6863437802934126,
        0.7999391784474484,
        0.6743030887275016,
        0.5612440745497439
    ],
    "0.25": [
        0.8176016452576428,
        0.8176016452576428,
        0.681980328064598,
        0.7838915372935705,
        0.7868729885244303,
        0.6654699690082504,
        0.7707383569303354,
        0.7258904893985973,
        0.8177533513813235,
        0.5210366113845191,
        0.7687871394999328,
        0.8018797324369291,
        0.7700607970448019,
        0.7874017024726389,
        0.6941455626558042,
        0.7859859304356341,
        0.6988627672348092,
        0.7859265306122449,
        0.7274709390355676,
        0.6000764619404779
    ],
    "0.5": [
        0.8031884679783747,
        0.8511690525435782,
        0.6916283742077596,
        0.7015292412422846,
        0.8680377279943841,
        0.6920671930475333,
        0.7995505697453456,
        0.851456931395815,
        0.6719041797903137,
        0.7649506976516673,
        0.8682571050219008,
        0.8342589385759397,
        0.7684986196125128,
        0.8680377279943841,
        0.667583802995889,
        0.8026452685653829,
        0.8856970310281228,
        0.7999391784474484,
        0.5594499435153365,
        0.5811834770047508
    ],
    "1.0": [
        0.8857921001989628,
        0.8857921001989628,
        0.8324310504965615,
        0.8681109348039796,
        0.8509627406851713,
        0.7419782010797596,
        0.6863437802934126,
        0.816274706894938,
        0.8031884679783747,
        0.652516389967057,
        0.9222414299226981,
        0.8681109348039796,
        0.7847867197853593,
        0.8022085453675192,
        0.7494600109017309,
        0.6979870509828519,
        0.8018797324369291,
        0.8495139758286063,
        0.6974004050857441,
        0.6555352667527704
    ]
}