{
    "0.0": [
        0.7044117450714111,
        0.6475698947906494,
        0.6617705821990967,
        0.6725113391876221,
        0.6647012233734131,
        0.6505355834960938,
        0.6759371757507324,
        0.699620246887207,
        0.6402089595794678,
        0.681128740310669,
        0.660142183303833,
        0.6433548927307129,
        0.6770484447479248,
        0.6619038581848145,
        0.7191295623779297,
        0.7149872779846191,
        0.6812036037445068,
        0.6689026355743408,
        0.6840426921844482,
        0.6532025337219238
    ],
    "0.1": [
        0.634624719619751,
        0.6691899299621582,
        0.675520658493042,
        0.6524684429168701,
        0.6854777336120605,
        0.6859333515167236,
        0.636878252029419,
        0.6849062442779541,
        0.6380865573883057,
        0.6412701606750488,
        0.6900885105133057,
        0.7315895557403564,
        0.6385133266448975,
        0.6831459999084473,
        0.6822006702423096,
        0.6498305797576904,
        0.7088155746459961,
        0.6423430442810059,
        0.6326658725738525,
        0.6795103549957275
    ],
    "0.25": [
        0.6856229305267334,
        0.6503527164459229,
        0.713444709777832,
        0.7091937065124512,
        0.6456496715545654,
        0.6713001728057861,
        0.6277244091033936,
        0.6216835975646973,
        0.6856534481048584,
        0.6821200847625732,
        0.6343142986297607,
        0.6779046058654785,
        0.6822779178619385,
        0.6293213367462158,
        0.66599440574646,
        0.6343743801116943,
        0.6370186805725098,
        0.6785941123962402,
        0.6916189193725586,
        0.6374080181121826
    ],
    "0.5": [
        0.6735692024230957,
        0.6916913986206055,
        0.639686107635498,
        0.6970233917236328,
        0.6770484447479248,
        0.6584107875823975,
        0.6896066665649414,
        0.670985221862793,
        0.6693048477172852,
        0.6778109073638916,
        0.6482112407684326,
        0.6624886989593506,
        0.6800992488861084,
        0.6286525726318359,
        0.6354813575744629,
        0.7039890289306641,
        0.6690516471862793,
        0.6486539840698242,
        0.645024299621582,
        0.7003226280212402
    ],
    "1.0": [
        0.6780803203582764,
        0.6307883262634277,
        0.6822707653045654,
        0.7289328575134277,
        0.6438353061676025,
        0.673311710357666,
        0.7024304866790771,
        0.6436100006103516,
        0.6819889545440674,
        0.6955456733703613,
        0.6568212509155273,
        0.6710481643676758,
        0.6733603477478027,
        0.6424317359924316,
        0.7079339027404785,
        0.6894745826721191,
        0.6414186954498291,
        0.7278237342834473,
        0.6884806156158447,
        0.6407732963562012
    ]
}