{
    "0.0": [
        0.7424064303816005,
        0.7424064303816005,
        0.7424064303816005,
        0.7424064303816005,
        0.7424064303816005,
        0.7424064303816005,
        0.7424064303816005,
        0.7424064303816005,
        0.7424064303816005,
        0.7424064303816005,
        0.7424064303816005,
        0.7424064303816005,
        0.7424064303816005,
        0.7424064303816005,
        0.7424064303816005,
        0.7424064303816005,
        0.7424064303816005,
        0.7424064303816005,
        0.7424064303816005,
        0.7424064303816005
    ],
    "0.1": [
        0.8143590078400009,
        0.7198894058828567,
        0.7859859304356341,
        0.7349132227872116,
        0.8026452685653829,
        0.5891760361797489,
        0.8176016452576428,
        0.7258904893985973,
        0.7853498429105893,
        0.7424064303816005,
        0.8002986826253173,
        0.8022085453675192,
        0.7125321608726396,
        0.7436826319432358,
        0.6982377749110478,
        0.8015498244339508,
        0.8016599157804853,
        0.7107370781075054,
        0.7697436999841815,
        0.6414161807697899
    ],
    "0.25": [
        0.8682571050219008,
        0.8682571050219008,
        0.8847076997975133,
        0.8509627406851713,
        0.8022085453675192,
        0.6657481497182626,
        0.8176016452576428,
        0.8327095051324973,
        0.7692026230947803,
        0.7183594322866594,
        0.7843400574883376,
        0.833982948121967,
        0.8682571050219008,
        0.8508386787884723,
        0.8669322774150664,
        0.7708655411110612,
        0.8177533513813235,
        0.8340750470114582,
        0.7847867197853593,
        0.9215632664220917
    ],
    "0.5": [
        0.8856970310281228,
        0.8682571050219008,
        0.97993200471804,
        0.9037141640512019,
        0.8511690525435782,
        0.8493886818737747,
        0.7714993511855609,
        0.8682571050219008,
        0.9037675791580496,
        0.7565319826935709,
        0.9410122562924206,
        0.8509627406851713,
        0.7838016092863739,
        0.833982948121967,
        0.8509627406851713,
        0.7561944834034595,
        0.8681109348039796,
        0.8846597038844923,
        0.9602776916338867,
        0.818005634903832
    ],
    "1.0": [
        0.9221767019765943,
        0.9602776916338867,
        0.9221767019765943,
        0.9602776916338867,
        0.8682571050219008,
        0.97993200471804,
        0.9221767019765943,
        0.9410122562924206,
        0.9037141640512019,
        0.9602666666666667,
        0.8846757069616801,
        0.9602666666666667,
        0.6844289556051597,
        0.9037141640512019,
        0.97993200471804,
        0.9602776916338867,
        0.9602666666666667,
        0.9602776916338867,
        0.97993200471804,
        0.9602776916338867
    ]
}