{
    "0.0": [
        1.1755964756011963,
        1.0400164127349854,
        1.0507206916809082,
        0.9656527042388916,
        1.0072298049926758,
        1.0038273334503174,
        0.9637157917022705,
        0.9619836807250977,
        0.9738631248474121,
        0.9931933879852295,
        0.9607441425323486,
        0.9577651023864746,
        0.9496064186096191,
        0.9644064903259277,
        0.9746949672698975,
        0.942133903503418,
        0.9412360191345215,
        0.9269249439239502,
        0.9593245983123779,
        0.9393012523651123
    ],
    "0.1": [
        0.9987833499908447,
        0.9000718593597412,
        1.0696306228637695,
        0.8950884342193604,
        1.0266361236572266,
        0.9290528297424316,
        0.9545767307281494,
        1.004413366317749,
        1.03792405128479,
        0.96297287940979,
        1.0105946063995361,
        0.9554829597473145,
        0.9467151165008545,
        0.9377038478851318,
        0.9081175327301025,
        0.9571783542633057,
        0.9416415691375732,
        1.0267412662506104,
        0.9515666961669922,
        1.0745854377746582
    ],
    "0.25": [
        1.0626921653747559,
        0.9785475730895996,
        1.004488468170166,
        0.9639706611633301,
        0.9625332355499268,
        1.1264774799346924,
        0.9883155822753906,
        0.9446477890014648,
        1.0152976512908936,
        1.0272376537322998,
        1.0193426609039307,
        0.9766650199890137,
        1.0016934871673584,
        1.0692377090454102,
        1.029217004776001,
        0.9567599296569824,
        1.1992838382720947,
        0.9705677032470703,
        1.0556561946868896,
        1.4964447021484375
    ],
    "0.5": [
        1.064748764038086,
        0.9845676422119141,
        1.2020304203033447,
        1.7419049739837646,
        0.9433808326721191,
        1.493433952331543,
        1.2048728466033936,
        1.1016154289245605,
        1.2128329277038574,
        1.1223881244659424,
        0.9644756317138672,
        1.050565481185913,
        0.998565673828125,
        1.2539539337158203,
        1.19692063331604,
        1.2295982837677002,
        1.0334513187408447,
        1.0063869953155518,
        1.228597640991211,
        1.2343308925628662
    ],
    "1.0": [
        1.1178772449493408,
        1.5470359325408936,
        1.1278374195098877,
        1.2001760005950928,
        1.1302194595336914,
        1.153940200805664,
        1.56485915184021,
        1.198364496231079,
        1.189073085784912,
        1.457573652267456,
        3.1215856075286865,
        1.17238450050354,
        20.43915319442749,
        1.376492977142334,
        1.3144898414611816,
        1.3417282104492188,
        1.0588326454162598,
        1.3575026988983154,
        1.2110888957977295,
        1.1051428318023682
    ]
}