{
    "0.0": [
        1.7352211475372314,
        1.6806905269622803,
        1.6855158805847168,
        1.7288424968719482,
        1.677440881729126,
        1.6377949714660645,
        1.6647467613220215,
        1.6607091426849365,
        1.6680097579956055,
        1.6656136512756348,
        1.7025830745697021,
        1.660865068435669,
        1.6687769889831543,
        1.7012362480163574,
        1.6451385021209717,
        1.6768248081207275,
        1.662184238433838,
        1.6545476913452148,
        1.7551429271697998,
        1.6529922485351562
    ],
    "0.1": [
        1.6661961078643799,
        1.6488642692565918,
        1.7095508575439453,
        1.6313154697418213,
        1.6770601272583008,
        1.6532177925109863,
        1.6814665794372559,
        1.7182414531707764,
        1.6170742511749268,
        1.7802064418792725,
        1.6353700160980225,
        1.6032710075378418,
        1.6889967918395996,
        1.680776834487915,
        1.697620153427124,
        1.6105201244354248,
        1.7078163623809814,
        1.6576783657073975,
        1.6353247165679932,
        1.7065496444702148
    ],
    "0.25": [
        1.669645071029663,
        1.7678756713867188,
        1.876758337020874,
        1.7140936851501465,
        1.5790565013885498,
        1.7178583145141602,
        2.0944643020629883,
        1.7904508113861084,
        1.7633485794067383,
        1.712510347366333,
        1.7669854164123535,
        1.6865644454956055,
        1.8300509452819824,
        2.0701935291290283,
        1.9382390975952148,
        1.713775634765625,
        1.8342735767364502,
        1.719221591949463,
        1.6633412837982178,
        1.6736316680908203
    ],
    "0.5": [
        1.7533774375915527,
        1.6897625923156738,
        1.8247532844543457,
        2.041701316833496,
        1.7210493087768555,
        2.1601779460906982,
        2.0637826919555664,
        1.9682533740997314,
        2.136180877685547,
        2.095916509628296,
        1.8791828155517578,
        1.7814342975616455,
        1.6722619533538818,
        2.2370223999023438,
        2.332594156265259,
        2.024059772491455,
        1.7594289779663086,
        1.81998872756958,
        3.103985548019409,
        1.972761631011963
    ],
    "1.0": [
        1.7210187911987305,
        1.913106918334961,
        1.8318743705749512,
        1.835078477859497,
        1.8368678092956543,
        1.814220666885376,
        2.6082959175109863,
        1.6603236198425293,
        2.2161619663238525,
        1.816021203994751,
        12.094266414642334,
        1.8649570941925049,
        20.1636483669281,
        2.2390687465667725,
        2.1368792057037354,
        1.8912138938903809,
        2.036534070968628,
        1.8971705436706543,
        2.721726655960083,
        2.0699610710144043
    ]
}