{
    "0.0": [
        1.1736738681793213,
        1.1686043739318848,
        1.17893648147583,
        1.1772100925445557,
        1.169839859008789,
        1.2330894470214844,
        1.2490031719207764,
        1.2012741565704346,
        1.152491807937622,
        1.197228193283081,
        1.1843571662902832,
        1.2034521102905273,
        1.1614837646484375,
        1.2130765914916992,
        1.1945548057556152,
        1.223034143447876,
        1.2067592144012451,
        1.2535901069641113,
        1.209599256515503,
        1.201573133468628
    ],
    "0.1": [
        1.205409288406372,
        1.205063819885254,
        1.184074878692627,
        1.189847469329834,
        1.2268431186676025,
        1.1778461933135986,
        1.140369176864624,
        1.1775217056274414,
        1.190049409866333,
        1.1698193550109863,
        1.217726707458496,
        1.2542285919189453,
        1.196317434310913,
        1.183647871017456,
        1.1837761402130127,
        1.2237985134124756,
        1.2279071807861328,
        1.2068085670471191,
        1.1620128154754639,
        1.2178454399108887
    ],
    "0.25": [
        1.2296600341796875,
        1.1774394512176514,
        1.1740126609802246,
        1.3469088077545166,
        1.2239232063293457,
        1.2090725898742676,
        1.2179954051971436,
        1.249934434890747,
        1.2127830982208252,
        1.2178375720977783,
        1.2151601314544678,
        1.294665813446045,
        1.2362990379333496,
        1.2055151462554932,
        1.1805989742279053,
        1.204099416732788,
        1.1909453868865967,
        1.204641342163086,
        1.2395517826080322,
        1.2235982418060303
    ],
    "0.5": [
        1.271437168121338,
        1.2134299278259277,
        1.2402992248535156,
        1.2479016780853271,
        1.173353672027588,
        1.1700763702392578,
        1.1809260845184326,
        1.1759827136993408,
        1.154388666152954,
        1.2960314750671387,
        1.2081055641174316,
        1.1967473030090332,
        1.1958556175231934,
        1.16766357421875,
        1.1672892570495605,
        1.209831953048706,
        1.220106840133667,
        1.2355639934539795,
        1.2116515636444092,
        1.1916093826293945
    ],
    "1.0": [
        1.252056360244751,
        1.2030677795410156,
        1.2002332210540771,
        1.246969223022461,
        1.2258920669555664,
        1.1950573921203613,
        1.2066516876220703,
        1.2183952331542969,
        1.2130513191223145,
        1.2268309593200684,
        1.2503151893615723,
        1.2186295986175537,
        1.2375903129577637,
        1.1936235427856445,
        1.206160545349121,
        1.1934082508087158,
        1.2204945087432861,
        1.2745082378387451,
        1.198840856552124,
        1.22251558303833
    ]
}