{
    "0.0": [
        0.6897559431278082,
        0.6897559431278082,
        0.6897559431278082,
        0.6897559431278082,
        0.6897559431278082,
        0.6897559431278082,
        0.6897559431278082,
        0.6897559431278082,
        0.6897559431278082,
        0.6897559431278082,
        0.6897559431278082,
        0.6897559431278082,
        0.6897559431278082,
        0.6897559431278082,
        0.6897559431278082,
        0.6897559431278082,
        0.6897559431278082,
        0.6897559431278082,
        0.6897559431278082,
        0.6897559431278082
    ],
    "0.1": [
        0.9221767019765943,
        0.885665306122449,
        0.7837116064055419,
        0.5608212480083034,
        0.8022085453675192,
        0.9221767019765943,
        0.7282217481230558,
        0.7249028965955729,
        0.7545318069154473,
        0.7021065635057377,
        0.7419689843121291,
        0.7859265306122449,
        0.7154749622302423,
        0.885665306122449,
        0.6734486404240831,
        0.7172759168337549,
        0.6982377749110478,
        0.7565319826935709,
        0.7258904893985973,
        0.8493886818737747
    ],
    "0.25": [
        0.9221767019765943,
        0.9221767019765943,
        0.5398216500966753,
        0.6609721821313526,
        0.7551740944912719,
        0.6765304165811835,
        0.816274706894938,
        0.8026452685653829,
        0.7868729885244303,
        0.7436826319432358,
        0.7253215914963924,
        0.885665306122449,
        0.9037141640512019,
        0.8177533513813235,
        0.7410819606272994,
        0.7708655411110612,
        0.728747439940184,
        0.7995227542034499,
        0.8511690525435782,
        0.8846757069616801
    ],
    "0.5": [
        0.8857921001989628,
        0.885665306122449,
        0.7861639322874197,
        0.7565319826935709,
        0.8857921001989628,
        0.6529555012583979,
        0.7847867197853593,
        0.8327095051324973,
        0.8188082691528172,
        0.6977777958919724,
        0.9029168077937518,
        0.9221767019765943,
        0.9037141640512019,
        0.8016599157804853,
        0.8507972789115646,
        0.8511690525435782,
        0.7424064303816005,
        0.9221767019765943,
        0.7551740944912719,
        0.7673441971135551
    ],
    "1.0": [
        0.9602666666666667,
        0.9410122562924206,
        0.9222414299226981,
        0.9221551020408163,
        0.8509627406851713,
        0.8031884679783747,
        0.851456931395815,
        0.8846597038844923,
        0.7880443567941547,
        0.7255873707662348,
        0.8859501978730681,
        0.9602666666666667,
        0.8846597038844923,
        0.9602666666666667,
        0.9213660426221838,
        0.8188082691528172,
        0.8509627406851713,
        0.8484067007252409,
        0.97993200471804,
        0.9221767019765943
    ]
}