{
    "0.0": [
        0.7021065635057377,
        0.7021065635057377,
        0.7021065635057377,
        0.7021065635057377,
        0.7021065635057377,
        0.7021065635057377,
        0.7021065635057377,
        0.7021065635057377,
        0.7021065635057377,
        0.7021065635057377,
        0.7021065635057377,
        0.7021065635057377,
        0.7021065635057377,
        0.7021065635057377,
        0.7021065635057377,
        0.7021065635057377,
        0.7021065635057377,
        0.7021065635057377,
        0.7021065635057377,
        0.7021065635057377
    ],
    "0.1": [
        0.9221767019765943,
        0.9221767019765943,
        0.7536474062964035,
        0.7649506976516673,
        0.7536474062964035,
        0.9221767019765943,
        0.8183576606742303,
        0.7125321608726396,
        0.8018797324369291,
        0.7021065635057377,
        0.8327095051324973,
        0.7864599449538296,
        0.7583384522539416,
        0.9221767019765943,
        0.7021065635057377,
        0.6788550860517496,
        0.6683977726259923,
        0.7868729885244303,
        0.7419689843121291,
        0.9029437402513337
    ],
    "0.25": [
        0.9037141640512019,
        0.9221767019765943,
        0.8838972091106768,
        0.8016599157804853,
        0.8026452685653829,
        0.5608212480083034,
        0.8680377279943841,
        0.851456931395815,
        0.8342589385759397,
        0.7868729885244303,
        0.7843400574883376,
        0.9221767019765943,
        0.9221767019765943,
        0.8508386787884723,
        0.9410122562924206,
        0.8509627406851713,
        0.8668769046871112,
        0.8509627406851713,
        0.8002986826253173,
        0.9029437402513337
    ],
    "0.5": [
        0.9037141640512019,
        0.9221767019765943,
        0.97993200471804,
        0.9037141640512019,
        0.8682571050219008,
        0.8668399639258767,
        0.8018797324369291,
        0.8682571050219008,
        0.9602776916338867,
        0.9602776916338867,
        0.9410122562924206,
        0.9037141640512019,
        0.9221767019765943,
        0.9037141640512019,
        0.97993200471804,
        0.9221551020408163,
        0.9410122562924206,
        0.9221767019765943,
        0.9600722570675764,
        0.9410449800736683
    ],
    "1.0": [
        0.9410122562924206,
        0.9602776916338867,
        0.97993200471804,
        0.9602776916338867,
        0.8857921001989628,
        0.97993200471804,
        0.9221551020408163,
        0.9406068422463203,
        0.9037141640512019,
        0.9602666666666667,
        0.9222414299226981,
        0.9602666666666667,
        0.9025520117368881,
        0.9037141640512019,
        0.97993200471804,
        0.97993200471804,
        0.9221551020408163,
        0.9602776916338867,
        0.97993200471804,
        0.9410449800736683
    ]
}