{
    "0.0": [
        11.156697750091553,
        11.167877197265625,
        11.0975182056427,
        11.787997245788574,
        11.196462154388428,
        11.327530860900879,
        11.19477653503418,
        11.23480486869812,
        11.312820672988892,
        11.660372972488403,
        11.300492286682129,
        11.265088558197021,
        11.438918113708496,
        11.104691982269287,
        11.521555185317993,
        11.29886531829834,
        11.253775119781494,
        11.17456603050232,
        11.108672142028809,
        11.175408840179443
    ],
    "0.1": [
        12.504019260406494,
        11.045930624008179,
        11.357788324356079,
        11.559049367904663,
        11.380876779556274,
        11.386410474777222,
        12.028625965118408,
        14.355459690093994,
        11.329575300216675,
        11.36610746383667,
        11.875858783721924,
        11.937183856964111,
        11.752722263336182,
        11.785780906677246,
        11.325469017028809,
        11.698718547821045,
        11.477526187896729,
        12.3480806350708,
        11.293952465057373,
        11.42831301689148
    ],
    "0.25": [
        11.783101558685303,
        11.509414911270142,
        11.681437015533447,
        12.145146131515503,
        11.343913793563843,
        11.606472969055176,
        11.809746742248535,
        11.706986665725708,
        12.034088850021362,
        11.787153005599976,
        11.365160465240479,
        12.068403959274292,
        11.649726629257202,
        11.622401475906372,
        12.038417100906372,
        11.403353929519653,
        12.069612979888916,
        11.486863374710083,
        11.344230651855469,
        11.611559391021729
    ],
    "0.5": [
        11.982471942901611,
        12.741726875305176,
        15.083605766296387,
        11.660985708236694,
        11.65240216255188,
        12.142026662826538,
        11.895202875137329,
        12.131948471069336,
        12.388064622879028,
        11.809983491897583,
        11.695939064025879,
        11.379033088684082,
        11.711158037185669,
        11.381020784378052,
        11.312981367111206,
        11.486384153366089,
        12.584782361984253,
        11.702498197555542,
        14.307902097702026,
        11.385744094848633
    ],
    "1.0": [
        11.309223175048828,
        11.606967687606812,
        11.255935668945312,
        11.443342685699463,
        11.718073606491089,
        11.302736759185791,
        11.809214115142822,
        12.131210327148438,
        11.614384174346924,
        11.306706428527832,
        11.369873046875,
        11.375411033630371,
        11.688251733779907,
        12.136484622955322,
        11.389294147491455,
        11.230954885482788,
        11.33001446723938,
        11.955602645874023,
        11.31989598274231,
        11.670937538146973
    ]
}