{
    "0.0": [
        0.3506771434630308,
        0.3506771434630308,
        0.3506771434630308,
        0.3506771434630308,
        0.3506771434630308,
        0.3506771434630308,
        0.3506771434630308,
        0.3506771434630308,
        0.3506771434630308,
        0.3506771434630308,
        0.3506771434630308,
        0.3506771434630308,
        0.3506771434630308,
        0.3506771434630308,
        0.3506771434630308,
        0.3506771434630308,
        0.3506771434630308,
        0.3506771434630308,
        0.3506771434630308,
        0.3506771434630308
    ],
    "0.1": [
        0.19457367404699907,
        0.2960462044665088,
        0.1849464694978966,
        0.2760942785670603,
        0.21006100130616334,
        0.20894678098733682,
        0.23318188314571625,
        0.23544809685309506,
        0.33282313161906935,
        0.22740046879178363,
        0.26685458219196645,
        0.3045539861985947,
        0.1549576460205974,
        0.24483947646136978,
        0.3122343322187351,
        0.3244969929695945,
        0.3019182750843907,
        0.27833885454109114,
        0.20008402690596006,
        0.30144145742443906
    ],
    "0.25": [
        0.22253211455311572,
        0.34073033417670795,
        0.1690173118908186,
        0.2839866294393666,
        0.04305610259679794,
        0.2728041466999715,
        0.42914710104377024,
        0.33911896235810335,
        0.2811387521247408,
        0.28510391411467,
        0.26716401495056075,
        0.25080572675565205,
        0.25181630480733497,
        0.2912921419732338,
        0.1744609218380846,
        0.23746933197624323,
        0.3136693249526006,
        0.31241365095864515,
        0.30763709697695807,
        0.2853347513890473
    ],
    "0.5": [
        0.17572633672052568,
        0.3137920124931721,
        0.27334236506207177,
        0.314575274897417,
        0.14132391516190324,
        0.2804676910425197,
        0.34065277281858874,
        0.2713066230294799,
        0.23739611000078042,
        0.2283366189883217,
        0.2165346602946548,
        0.21168880110347665,
        0.13657613435784827,
        0.42214954659058396,
        0.15808330195800363,
        0.22219347321934693,
        0.2525705665427388,
        0.26073389681908554,
        0.29466784579992367,
        0.2128607752282826
    ],
    "1.0": [
        0.34987128712656035,
        0.3364036430121254,
        0.5297297837247811,
        0.4476964798748053,
        0.43279307431886327,
        0.3444225461105616,
        0.2819012985635514,
        0.3935039794145471,
        0.38668717999779556,
        0.6140415976486294,
        0.424185697720342,
        0.37221517199704135,
        0.49792218095008406,
        0.1392721809904492,
        0.5785617977766384,
        0.5354402456103743,
        0.38094482578637595,
        0.3839773412657589,
        0.480296243552534,
        0.4556778595895937
    ]
}