{
    "0.0": [
        0.3506771434630308,
        0.3506771434630308,
        0.3506771434630308,
        0.3506771434630308,
        0.3506771434630308,
        0.3506771434630308,
        0.3506771434630308,
        0.3506771434630308,
        0.3506771434630308,
        0.3506771434630308,
        0.3506771434630308,
        0.3506771434630308,
        0.3506771434630308,
        0.3506771434630308,
        0.3506771434630308,
        0.3506771434630308,
        0.3506771434630308,
        0.3506771434630308,
        0.3506771434630308,
        0.3506771434630308
    ],
    "0.1": [
        0.27948407162622635,
        0.3047286692652925,
        0.4176981324916372,
        0.2270892218716219,
        0.48143395974927217,
        0.3344321468289976,
        0.2393748997748198,
        0.33458389808121075,
        0.36209706908430167,
        0.29329655358412066,
        0.4403667996706585,
        0.2982712277929202,
        0.32257107104213867,
        0.16434970226771456,
        0.23066014961917014,
        0.2841087746831701,
        0.3008768472949548,
        0.26097055004150355,
        0.24655639498652548,
        0.28453796393355
    ],
    "0.25": [
        0.36473139183973496,
        0.3126993545967127,
        0.600779976243601,
        0.33025902096793774,
        0.603244680579327,
        0.3739022525513903,
        0.38881425351700827,
        0.4083601076557726,
        0.4946266400101139,
        0.4245106960044252,
        0.3498788688778543,
        0.5547707128457009,
        0.6641469377711585,
        0.34904560892487596,
        0.5920762672785068,
        0.3364203003568931,
        0.2931376290273801,
        0.3929253479918356,
        0.3691401842085466,
        0.4584187789703378
    ],
    "0.5": [
        0.5613940650516668,
        0.26757000407571513,
        0.7676237901682166,
        0.6574863825603928,
        0.7042246969395936,
        0.6302862148958926,
        0.7064919137075376,
        0.6452909678327756,
        0.6809857248966329,
        0.6992035136285722,
        0.6383939113592029,
        0.8971767838332865,
        0.8531845171186275,
        0.7466011976986463,
        0.8228640158537148,
        0.6555433760079477,
        0.7854249009528486,
        0.6119711172402686,
        0.8645557862153449,
        0.8883319045046729
    ],
    "1.0": [
        0.9816911130140138,
        0.8673676343237494,
        0.9210473326336968,
        0.7891696720212322,
        0.7995532895889184,
        0.8971059960976011,
        0.8343599740316362,
        0.9025782103500989,
        0.7818201577804924,
        0.8296334533463693,
        0.9485364524046159,
        0.9668814498682796,
        0.9117000660650204,
        0.8653585826810246,
        0.9832438583647054,
        0.9173705110873488,
        0.9164119384394391,
        0.9178660804515332,
        0.930923842197936,
        0.9467936295519994
    ]
}