{
    "0.0": [
        14.209446907043457,
        14.083034753799438,
        13.51395583152771,
        13.5524320602417,
        13.541193962097168,
        13.41761565208435,
        13.788784265518188,
        13.477588653564453,
        13.413930892944336,
        13.465993881225586,
        13.431536436080933,
        13.942497253417969,
        13.529687404632568,
        13.461547136306763,
        13.598008871078491,
        13.61450719833374,
        14.284300565719604,
        13.636752843856812,
        13.600194454193115,
        13.700850486755371
    ],
    "0.1": [
        12.65911316871643,
        14.055070638656616,
        13.051724433898926,
        13.550499677658081,
        20.001856565475464,
        13.829776287078857,
        14.317813158035278,
        13.212211847305298,
        13.802979707717896,
        13.346901416778564,
        30.927998542785645,
        13.794832468032837,
        28.027700901031494,
        13.868474006652832,
        14.336052894592285,
        17.062952041625977,
        13.863630294799805,
        15.069039106369019,
        17.448567867279053,
        13.787769317626953
    ],
    "0.25": [
        14.788194417953491,
        16.30492854118347,
        22.324299812316895,
        16.366248846054077,
        17.7648868560791,
        16.536144971847534,
        29.284957885742188,
        29.417536973953247,
        56.32035040855408,
        19.702231884002686,
        15.833851337432861,
        17.277713537216187,
        15.884816408157349,
        16.668728351593018,
        13.737140655517578,
        16.250857830047607,
        25.869760274887085,
        17.278939962387085,
        27.028730392456055,
        17.146327257156372
    ],
    "0.5": [
        22.980937957763672,
        67.94239234924316,
        25.410152435302734,
        46.82925462722778,
        23.45427441596985,
        59.360883712768555,
        81.85477471351624,
        76.0218894481659,
        31.36518120765686,
        19.326659679412842,
        22.20652937889099,
        23.33824324607849,
        24.871696710586548,
        22.855987310409546,
        62.14853477478027,
        33.141515254974365,
        36.73970127105713,
        154.95611333847046,
        23.241520166397095,
        17.139601469039917
    ],
    "1.0": [
        23.762803077697754,
        19.946813106536865,
        15.579614162445068,
        18.337352514266968,
        18.68840527534485,
        15.229170799255371,
        14.382272720336914,
        18.434576272964478,
        17.040262937545776,
        18.458946466445923,
        20.87967610359192,
        25.790392637252808,
        16.60722279548645,
        18.59083390235901,
        29.75794291496277,
        21.171332597732544,
        34.37268686294556,
        27.71999168395996,
        13.387465238571167,
        17.04725193977356
    ]
}