{
    "0.0": [
        0.3506771434630308,
        0.3506771434630308,
        0.3506771434630308,
        0.3506771434630308,
        0.3506771434630308,
        0.3506771434630308,
        0.3506771434630308,
        0.3506771434630308,
        0.3506771434630308,
        0.3506771434630308,
        0.3506771434630308,
        0.3506771434630308,
        0.3506771434630308,
        0.3506771434630308,
        0.3506771434630308,
        0.3506771434630308,
        0.3506771434630308,
        0.3506771434630308,
        0.3506771434630308,
        0.3506771434630308
    ],
    "0.1": [
        0.2813003490206412,
        0.3106620398587695,
        0.1540016873465664,
        0.29033600680359034,
        0.14172765452711555,
        0.23866171842261286,
        0.28616717715110246,
        0.2927561684127464,
        0.2887202480240354,
        0.2800879989604645,
        0.22315132930720072,
        0.2631528476502636,
        0.3011332630143873,
        0.29347809138500425,
        0.25507536215585386,
        0.33165418532675184,
        0.2754059468548469,
        0.27017005708878017,
        0.2797902296526961,
        0.3366750395428416
    ],
    "0.25": [
        0.25065648645299216,
        0.3084241019791463,
        0.12068246373445916,
        0.31342801900595413,
        0.11326652014154076,
        0.2517899545419467,
        0.31922276300321467,
        0.2125096498357164,
        0.33849345170551814,
        0.26108404217564923,
        0.3367459546474442,
        0.1538971284413854,
        0.4154340628135412,
        0.2888102356281609,
        0.12471078398837025,
        0.22213422243100975,
        0.3001978091755748,
        0.3130233367485629,
        0.25811842835736515,
        0.37730137991640367
    ],
    "0.5": [
        0.28101200678019944,
        0.302413043891855,
        0.37063592428939557,
        0.36791722721404346,
        0.36915586058482874,
        0.2717698410538212,
        0.26095417872893467,
        0.33207981124644775,
        0.351536020234313,
        0.30155758591614185,
        0.2703751744928897,
        0.16105231895923847,
        0.3671135448215614,
        0.21556430736855922,
        0.1510385244286187,
        0.550187629078224,
        0.25443474355345036,
        0.2849897509313192,
        0.33789955201840655,
        0.14815254347483614
    ],
    "1.0": [
        0.2667758396513928,
        0.454640989239899,
        0.4478126057915194,
        0.5363388461981518,
        0.5194074930265444,
        0.4760993950146171,
        0.4606258109214194,
        0.407726274166696,
        0.356764147123561,
        0.550647289176595,
        0.3914237784773403,
        0.7777966408934494,
        0.695869609794295,
        0.44651493554333904,
        0.6608105271826825,
        0.5886389531339219,
        0.39868539965771443,
        0.38588821331593387,
        0.4593202693334629,
        0.5766279726115853
    ]
}