{
    "0.0": [
        16.236071586608887,
        16.69445252418518,
        16.31450057029724,
        16.2052800655365,
        16.230578184127808,
        16.61252999305725,
        16.403621196746826,
        16.135412454605103,
        16.254862546920776,
        16.55753993988037,
        16.18053889274597,
        16.12613558769226,
        16.21856927871704,
        16.411107063293457,
        16.29457449913025,
        16.19992709159851,
        16.051789045333862,
        16.573886394500732,
        16.32458758354187,
        15.971176624298096
    ],
    "0.1": [
        17.459830284118652,
        16.45779299736023,
        16.95525074005127,
        17.723409175872803,
        16.28331422805786,
        22.414316177368164,
        16.761913776397705,
        16.368305921554565,
        16.257208585739136,
        17.253215074539185,
        17.505375862121582,
        16.351017713546753,
        16.083597421646118,
        17.492156982421875,
        17.95614719390869,
        16.788913249969482,
        16.69675326347351,
        16.589486837387085,
        16.8276526927948,
        15.748324871063232
    ],
    "0.25": [
        17.467817544937134,
        16.348499536514282,
        15.994467973709106,
        16.91869807243347,
        20.075056791305542,
        15.999613761901855,
        17.31058931350708,
        16.476106882095337,
        17.211171865463257,
        16.559277296066284,
        16.550393104553223,
        16.580636501312256,
        17.68214249610901,
        16.213817596435547,
        18.212986946105957,
        17.334333658218384,
        17.38591504096985,
        16.107924938201904,
        16.35081648826599,
        17.071683645248413
    ],
    "0.5": [
        16.99360418319702,
        15.82992434501648,
        17.29821252822876,
        16.08723020553589,
        17.988157510757446,
        15.928771495819092,
        16.853713750839233,
        17.158199787139893,
        17.426279544830322,
        17.014530658721924,
        17.144044399261475,
        17.13243007659912,
        18.144453763961792,
        16.817299365997314,
        19.882241249084473,
        16.9665048122406,
        17.867316961288452,
        16.758086442947388,
        17.914290189743042,
        18.793555736541748
    ],
    "1.0": [
        16.27969264984131,
        15.924965143203735,
        15.494548797607422,
        17.126599311828613,
        17.682814598083496,
        15.691569566726685,
        16.7701735496521,
        18.175227165222168,
        18.046861171722412,
        15.452981948852539,
        16.51226305961609,
        18.515937566757202,
        16.777181148529053,
        17.42989706993103,
        17.189496994018555,
        16.173108100891113,
        16.30158281326294,
        19.352364778518677,
        16.303566932678223,
        18.303433656692505
    ]
}