{
    "0.0": [
        0.3506771434630308,
        0.3506771434630308,
        0.3506771434630308,
        0.3506771434630308,
        0.3506771434630308,
        0.3506771434630308,
        0.3506771434630308,
        0.3506771434630308,
        0.3506771434630308,
        0.3506771434630308,
        0.3506771434630308,
        0.3506771434630308,
        0.3506771434630308,
        0.3506771434630308,
        0.3506771434630308,
        0.3506771434630308,
        0.3506771434630308,
        0.3506771434630308,
        0.3506771434630308,
        0.3506771434630308
    ],
    "0.1": [
        0.3218912396758599,
        0.36898097531891816,
        0.4509597812218257,
        0.3914144201971781,
        0.35954786560055,
        0.3112908362333047,
        0.2937324730294032,
        0.2809367386697583,
        0.362412104966417,
        0.2773231690208982,
        0.21897222090773075,
        0.35215599651441687,
        0.3643086937873196,
        0.3959842381698687,
        0.2708928226710763,
        0.3244969929695945,
        0.34991749347884027,
        0.29415586326592724,
        0.28673731120026413,
        0.3120931055881085
    ],
    "0.25": [
        0.4386562660824504,
        0.3472981779942323,
        0.6720201369116235,
        0.39336602865286635,
        0.4186182728231334,
        0.41182669108397546,
        0.41335187089760034,
        0.35513600878888474,
        0.5313529069319624,
        0.355212723823625,
        0.34959923069727533,
        0.6098848359506672,
        0.5091378691805,
        0.33951158885581567,
        0.654313344491907,
        0.42626501748402995,
        0.3188224087113402,
        0.35986440386088325,
        0.3559898523739967,
        0.4359725776278999
    ],
    "0.5": [
        0.7882953855541411,
        0.26757000407571513,
        0.8521943917970953,
        0.6746459777795718,
        0.6545852786473136,
        0.6173846624178493,
        0.750749609201009,
        0.8947644523946376,
        0.7557271937542623,
        0.6866122813512268,
        0.6383939113592029,
        0.8261184057706223,
        0.7494176329679968,
        0.8530895706959994,
        0.8013931164717656,
        0.7668718670117983,
        0.6434963119451191,
        0.5658661180141931,
        0.8947644523946376,
        0.7975571241742239
    ],
    "1.0": [
        0.9816911130140138,
        0.9293938726182767,
        0.9020191717936165,
        0.8337974096216305,
        0.9326045924560654,
        0.9310001175059304,
        0.8962913995151285,
        0.9129376908406559,
        0.8676753424460908,
        0.8854091788849019,
        0.9306491898951156,
        0.9637311431115624,
        0.898560540890151,
        0.8378199043554483,
        0.9650869841080847,
        0.9487163271024802,
        0.9832792530450881,
        0.9178660804515332,
        0.8838490809207918,
        0.9485364524046159
    ]
}