{
    "0.0": [
        19.844616651535034,
        19.828365325927734,
        20.09375500679016,
        19.649513959884644,
        19.777751207351685,
        19.742252349853516,
        20.33998394012451,
        19.77432107925415,
        19.553365230560303,
        20.23793649673462,
        19.811928749084473,
        19.72463035583496,
        19.855655908584595,
        19.64186191558838,
        19.771122455596924,
        19.633406162261963,
        20.120354413986206,
        19.623332262039185,
        19.68624234199524,
        20.15417742729187
    ],
    "0.1": [
        20.129812240600586,
        18.23812198638916,
        21.10404396057129,
        23.129632711410522,
        20.0113365650177,
        22.872801542282104,
        18.836262226104736,
        18.87155818939209,
        23.204792976379395,
        21.440080404281616,
        31.369800090789795,
        25.770700693130493,
        23.080371141433716,
        20.78443217277527,
        18.989018440246582,
        19.00168800354004,
        18.961647510528564,
        18.895561933517456,
        22.148044109344482,
        20.215383291244507
    ],
    "0.25": [
        33.15894675254822,
        21.944836378097534,
        21.674986839294434,
        35.60665798187256,
        48.69900679588318,
        35.02672028541565,
        32.23256325721741,
        28.264039039611816,
        59.980388164520264,
        35.20405983924866,
        29.243163347244263,
        29.207276821136475,
        31.767151832580566,
        22.64469337463379,
        26.316842794418335,
        27.992918014526367,
        35.91293406486511,
        27.567965507507324,
        62.145527601242065,
        23.538308143615723
    ],
    "0.5": [
        50.12910223007202,
        38.06564235687256,
        29.96676731109619,
        49.61295795440674,
        34.96457862854004,
        52.439382553100586,
        112.28458738327026,
        399.07146644592285,
        67.7387683391571,
        58.962008237838745,
        25.322315216064453,
        38.71303939819336,
        31.759474515914917,
        43.05796670913696,
        72.20899486541748,
        90.41022872924805,
        37.51570153236389,
        121.05974698066711,
        24.4487087726593,
        38.85016369819641
    ],
    "1.0": [
        32.67186880111694,
        29.674201726913452,
        22.98692774772644,
        30.66588807106018,
        36.836286783218384,
        32.8483362197876,
        21.970332622528076,
        27.484235048294067,
        23.1620090007782,
        24.539669036865234,
        38.34595775604248,
        34.21162176132202,
        29.451764822006226,
        27.614189863204956,
        32.52018332481384,
        25.949942111968994,
        49.565513134002686,
        41.41433072090149,
        23.996681451797485,
        29.327271699905396
    ]
}