{
    "0.0": [
        1.4136288166046143,
        1.4188814163208008,
        1.3640570640563965,
        1.4221062660217285,
        1.4141175746917725,
        1.3763864040374756,
        1.399198055267334,
        1.434391736984253,
        1.360851526260376,
        1.368720293045044,
        1.4174892902374268,
        1.4140713214874268,
        1.3816564083099365,
        1.3737692832946777,
        1.3869524002075195,
        1.3539772033691406,
        1.3954968452453613,
        1.3822779655456543,
        1.388814926147461,
        1.382779836654663
    ],
    "0.1": [
        1.3762531280517578,
        1.4420750141143799,
        1.3990752696990967,
        1.3662223815917969,
        1.3954472541809082,
        1.4295411109924316,
        1.38649320602417,
        1.4175360202789307,
        1.4375805854797363,
        1.470729112625122,
        1.3965232372283936,
        1.3923633098602295,
        1.4461109638214111,
        1.4831011295318604,
        1.39085054397583,
        1.407057523727417,
        1.4130432605743408,
        1.4726974964141846,
        1.3960657119750977,
        1.4298672676086426
    ],
    "0.25": [
        1.5154139995574951,
        1.3529305458068848,
        1.4107880592346191,
        1.4883010387420654,
        1.4207403659820557,
        1.4026994705200195,
        1.3747813701629639,
        1.439319133758545,
        1.3543901443481445,
        1.3925063610076904,
        1.3642706871032715,
        1.4363203048706055,
        1.4045984745025635,
        1.4246563911437988,
        1.4438354969024658,
        1.391982078552246,
        1.3801696300506592,
        1.4135797023773193,
        1.4519453048706055,
        1.418426275253296
    ],
    "0.5": [
        1.397794246673584,
        1.3744196891784668,
        1.412498950958252,
        1.3825435638427734,
        1.3604991436004639,
        1.3998339176177979,
        1.420762062072754,
        1.3918752670288086,
        1.3801169395446777,
        1.4317996501922607,
        1.3893308639526367,
        1.3620574474334717,
        1.4222631454467773,
        1.4671757221221924,
        1.3831024169921875,
        1.3948240280151367,
        1.4593312740325928,
        1.4205141067504883,
        1.456352949142456,
        1.479996919631958
    ],
    "1.0": [
        1.409818410873413,
        1.4051828384399414,
        1.5198593139648438,
        1.4473192691802979,
        1.4059572219848633,
        1.415370225906372,
        1.4517667293548584,
        1.4611568450927734,
        1.4928264617919922,
        1.463102102279663,
        1.4557301998138428,
        1.45809006690979,
        1.4467840194702148,
        1.4966843128204346,
        1.441739559173584,
        1.5191140174865723,
        1.477853775024414,
        1.3818960189819336,
        1.3547260761260986,
        1.3763198852539062
    ]
}