{
    "0.0": [
        0.60655673999757,
        0.60655673999757,
        0.60655673999757,
        0.60655673999757,
        0.60655673999757,
        0.60655673999757,
        0.60655673999757,
        0.60655673999757,
        0.60655673999757,
        0.60655673999757,
        0.60655673999757,
        0.60655673999757,
        0.60655673999757,
        0.60655673999757,
        0.60655673999757,
        0.60655673999757,
        0.60655673999757,
        0.60655673999757,
        0.60655673999757,
        0.60655673999757
    ],
    "0.1": [
        0.4835292348024153,
        0.5435767544299807,
        0.6058426607868881,
        0.6563394428040705,
        0.5112454956090602,
        0.6343363871305453,
        0.5971635932755683,
        0.7119776192231788,
        0.4760065524235335,
        0.44804168693035745,
        0.5552271177642022,
        0.6949347003299098,
        0.6151845079828074,
        0.6352609369850284,
        0.6642749283682405,
        0.643704811878098,
        0.6120557809624233,
        0.5070403282946115,
        0.48674521779765806,
        0.6119934138190535
    ],
    "0.25": [
        0.649357054747911,
        0.5019115186616767,
        0.6526768281517026,
        0.568353479330595,
        0.51608397772075,
        0.578003646141971,
        0.6157932455914517,
        0.5815956305851255,
        0.505092309936623,
        0.5153448109767007,
        0.5140399798685937,
        0.49612003136995914,
        0.6408594140421343,
        0.6135967244730571,
        0.6635355583763444,
        0.48016400512811425,
        0.48473560627768025,
        0.42575754030018403,
        0.5993396606450404,
        0.5357667766862568
    ],
    "0.5": [
        0.6568017333679175,
        0.6417886389661015,
        0.5473242332486573,
        0.5797045323946498,
        0.5950778977491564,
        0.6802638151434902,
        0.7306134177965146,
        0.6051953159459602,
        0.6203960523769593,
        0.5875711795946098,
        0.7281070513175709,
        0.733403012071029,
        0.6875515622348534,
        0.6486645854841697,
        0.5185575954478148,
        0.6515308994846477,
        0.6136566707718265,
        0.6402810609182191,
        0.625465484145209,
        0.6358428967489625
    ],
    "1.0": [
        0.7699209687930444,
        0.8119959799153496,
        0.7391000159789569,
        0.7127288641203452,
        0.6735357003085558,
        0.7052128490753701,
        0.8381620188750762,
        0.716062628117159,
        0.7821667003595051,
        0.7375981299385252,
        0.7786176328427894,
        0.8615270888504859,
        0.7203525169411387,
        0.6906899504652962,
        0.7812491392641151,
        0.9160420403457589,
        0.8381916394958392,
        0.6199751965163227,
        0.8079113149801932,
        0.7268984246248937
    ]
}