{
    "0.0": [
        0.6072828286860247,
        0.6072828286860247,
        0.6072828286860247,
        0.6072828286860247,
        0.6072828286860247,
        0.6072828286860247,
        0.6072828286860247,
        0.6072828286860247,
        0.6072828286860247,
        0.6072828286860247,
        0.6072828286860247,
        0.6072828286860247,
        0.6072828286860247,
        0.6072828286860247,
        0.6072828286860247,
        0.6072828286860247,
        0.6072828286860247,
        0.6072828286860247,
        0.6072828286860247,
        0.6072828286860247
    ],
    "0.1": [
        0.6860720146000422,
        0.597729541638195,
        0.6487730802045493,
        0.6091093722971351,
        0.47475101168815625,
        0.6473101007927414,
        0.5201281381472214,
        0.6038403211572055,
        0.6482576156587989,
        0.5662607082193027,
        0.49961551815793964,
        0.729541842603494,
        0.6239089367217772,
        0.6789384468693718,
        0.6381051383247248,
        0.5988325575345759,
        0.6146318084971085,
        0.5131704783160094,
        0.6006155970541175,
        0.7124376031121964
    ],
    "0.25": [
        0.7123168581886425,
        0.7275229407540271,
        0.6531833689506114,
        0.7874718682626706,
        0.7214157547076802,
        0.6491797728677055,
        0.5460724647466336,
        0.6626737967914439,
        0.632336247845415,
        0.7768894686516755,
        0.697817531376404,
        0.8372861245301687,
        0.6593111452553734,
        0.5709978766283235,
        0.5775909185218844,
        0.6700527393082303,
        0.7364345398687513,
        0.7111174359279909,
        0.5485734636345257,
        0.8115707278311761
    ],
    "0.5": [
        0.8372861245301687,
        0.7309700884110881,
        0.7632705403557984,
        0.7531770870991843,
        0.8496892793360776,
        0.8001999630610109,
        0.7880896825991164,
        0.7796952453604529,
        0.7556784175135011,
        0.8879696669911752,
        0.8229032701704712,
        0.8767158525930164,
        0.7890020033606029,
        0.7367759483918289,
        0.7794476857024363,
        0.877711565847789,
        0.5821788163548819,
        0.8232308993515647,
        0.6551816435489046,
        0.7999101266652312
    ],
    "1.0": [
        0.8744675473005233,
        0.8150357766027075,
        0.7122564476940815,
        0.8260688543914005,
        0.9024439413588142,
        0.8620810143625465,
        0.8897779743066898,
        0.8651710588503162,
        0.8351292397277587,
        0.8510323272162214,
        0.8255841188175715,
        0.8760252564865578,
        0.9019734586172783,
        0.943650301925313,
        0.6983240031140621,
        0.7762355552910778,
        0.8383385819633686,
        0.7092128817284344,
        0.9157125685874686,
        0.8002139356626908
    ]
}