{
    "0.0": [
        1.882228136062622,
        1.9108421802520752,
        1.8465030193328857,
        1.81583571434021,
        1.8749158382415771,
        1.851085901260376,
        1.8379261493682861,
        1.865619421005249,
        2.206271171569824,
        2.075969934463501,
        2.0481910705566406,
        2.052976369857788,
        2.0653457641601562,
        2.1560909748077393,
        2.0633883476257324,
        1.9740805625915527,
        2.015043258666992,
        1.9299449920654297,
        1.966963529586792,
        2.0291101932525635
    ],
    "0.1": [
        2.084765911102295,
        2.006265163421631,
        2.142143964767456,
        2.0826950073242188,
        2.2390658855438232,
        1.9716458320617676,
        2.1856727600097656,
        2.040628433227539,
        2.0110104084014893,
        2.167065143585205,
        2.255948543548584,
        2.08113956451416,
        1.970973253250122,
        1.966674566268921,
        1.9786596298217773,
        1.964453935623169,
        2.0456619262695312,
        2.1021835803985596,
        2.1790032386779785,
        1.9520559310913086
    ],
    "0.25": [
        2.160994529724121,
        2.761113166809082,
        3.9231925010681152,
        2.262275457382202,
        3.1742353439331055,
        2.8463854789733887,
        4.599788427352905,
        3.2543320655822754,
        2.124143600463867,
        2.169975996017456,
        4.424229145050049,
        3.4128472805023193,
        2.284625291824341,
        3.207878351211548,
        2.5690536499023438,
        2.105386734008789,
        4.349319219589233,
        2.723004102706909,
        3.1361987590789795,
        3.574800968170166
    ],
    "0.5": [
        13.697977542877197,
        7.864274501800537,
        5.09541130065918,
        41.36063861846924,
        3.855121374130249,
        8.509859085083008,
        29.85734272003174,
        6.097884178161621,
        5.103681325912476,
        8.744729042053223,
        3.5692977905273438,
        5.695082664489746,
        2.9874074459075928,
        291.5673460960388,
        5.273925304412842,
        13.796185970306396,
        34.395320415496826,
        8.049764156341553,
        96.49382400512695,
        4.436450242996216
    ],
    "1.0": [
        57.77895998954773,
        39.247379302978516,
        62.70356202125549,
        60.04839634895325,
        6.541776418685913,
        63.84479022026062,
        70.35551762580872,
        8.851705312728882,
        8.980768203735352,
        65.02806210517883,
        34.55088567733765,
        54.98306393623352,
        42.398571252822876,
        82.45533633232117,
        115.97214365005493,
        42.20202708244324,
        39.14450788497925,
        81.23677062988281,
        31.862828254699707,
        53.38046836853027
    ]
}