{
    "0.0": [
        3.1988184452056885,
        3.2424561977386475,
        3.2231805324554443,
        3.21990966796875,
        3.248178243637085,
        3.256035566329956,
        3.403815269470215,
        3.265580892562866,
        3.2454938888549805,
        3.2179243564605713,
        3.225074052810669,
        3.280838966369629,
        3.2825381755828857,
        3.176711320877075,
        3.2380125522613525,
        3.246420383453369,
        3.2072384357452393,
        3.2148962020874023,
        3.214961051940918,
        3.248856544494629
    ],
    "0.1": [
        3.3955817222595215,
        3.2798051834106445,
        3.5335350036621094,
        3.3140504360198975,
        3.398146390914917,
        3.447706937789917,
        3.5059964656829834,
        3.371530771255493,
        3.2936878204345703,
        3.3516924381256104,
        3.4115896224975586,
        3.3996634483337402,
        3.214662790298462,
        3.400824546813965,
        3.581183910369873,
        3.234034776687622,
        3.399451732635498,
        3.356501579284668,
        3.6035983562469482,
        3.3143069744110107
    ],
    "0.25": [
        4.035420656204224,
        5.2035231590271,
        4.066887617111206,
        5.055063247680664,
        4.641697645187378,
        4.617877244949341,
        6.765304088592529,
        4.3699939250946045,
        3.9293596744537354,
        4.02444863319397,
        7.401090860366821,
        5.720186233520508,
        3.4999680519104004,
        4.972861051559448,
        3.4882280826568604,
        4.770382881164551,
        6.757128715515137,
        5.008384466171265,
        4.931698560714722,
        5.023078680038452
    ],
    "0.5": [
        18.698590993881226,
        24.742953538894653,
        6.2321367263793945,
        454.18592047691345,
        4.866891860961914,
        25.281869888305664,
        45.42261242866516,
        10.865011930465698,
        6.506515264511108,
        18.583038806915283,
        11.26846694946289,
        12.820710182189941,
        5.096722602844238,
        104.73579978942871,
        6.921478748321533,
        15.921379089355469,
        70.94736242294312,
        5.275237798690796,
        142.7524058818817,
        8.417367219924927
    ],
    "1.0": [
        72.64781165122986,
        376.5034577846527,
        60.94525957107544,
        184.9784290790558,
        8.109277725219727,
        252.41847729682922,
        74.88914489746094,
        12.583701133728027,
        8.174519538879395,
        71.97630381584167,
        105.70818161964417,
        1900,
        1900,
        1900,
        1900,
        1900,
        1900,
        1900,
        1900,
        1900
    ]
}