{
    "0.0": [
        0.5695310703696981,
        0.5695310703696981,
        0.5695310703696981,
        0.5695310703696981,
        0.5695310703696981,
        0.5695310703696981,
        0.5695310703696981,
        0.5695310703696981,
        0.5695310703696981,
        0.5695310703696981,
        0.5695310703696981,
        0.5695310703696981,
        0.5695310703696981,
        0.5695310703696981,
        0.5695310703696981,
        0.5695310703696981,
        0.5695310703696981,
        0.5695310703696981,
        0.5695310703696981,
        0.5695310703696981
    ],
    "0.1": [
        0.5455433414762343,
        0.6821388776623146,
        0.6995574313807167,
        0.6285516350393664,
        0.5960494195092234,
        0.7360981154227249,
        0.5454552585802843,
        0.714024921126787,
        0.6234649341880901,
        0.5544564380124793,
        0.5135410699517675,
        0.7245288671278917,
        0.647742957337014,
        0.6078313486962255,
        0.7390764119077555,
        0.6432774611205606,
        0.6740690941423956,
        0.4993121347797214,
        0.6134233885177692,
        0.6453533194947172
    ],
    "0.25": [
        0.4594287371129775,
        0.678990764782829,
        0.5893974226104672,
        0.6238222778001389,
        0.5339910316513674,
        0.7169875636116805,
        0.588801408015578,
        0.6405360956427802,
        0.5765494415676158,
        0.7623755788905114,
        0.6727643908145047,
        0.6167645356415389,
        0.6003722523417292,
        0.6262367162093614,
        0.566418866250312,
        0.6188709002903974,
        0.6008760814909108,
        0.7077409380440459,
        0.5631481382044573,
        0.5115842706062088
    ],
    "0.5": [
        0.8254491326287015,
        0.6713960763549327,
        0.6222471575598371,
        0.6505131787204413,
        0.6277494218645744,
        0.6284127176875208,
        0.8109922788314211,
        0.6200415356932966,
        0.6962609562654007,
        0.746246934580973,
        0.6540655360388239,
        0.7681136857207046,
        0.8149217492721692,
        0.6869734334699352,
        0.6709191121090183,
        0.7857815986459602,
        0.8768365131026714,
        0.7869705710134242,
        0.7488594851242429,
        0.5475130875269644
    ],
    "1.0": [
        0.95745443271509,
        0.7339261908616742,
        0.8619040040443,
        0.8893957580667097,
        0.7368852495054932,
        0.8212931271428663,
        0.8017072942550254,
        0.6477956427322008,
        0.7111184602091319,
        0.7712337064221179,
        0.7728985318955437,
        0,
        0,
        0,
        0,
        0,
        0,
        0,
        0,
        0
    ]
}