{
    "0.0": [
        2.507657289505005,
        2.5811736583709717,
        2.6553568840026855,
        2.5889368057250977,
        2.4720559120178223,
        2.4488394260406494,
        2.4737374782562256,
        2.474318265914917,
        2.4943130016326904,
        2.501866102218628,
        2.502866268157959,
        2.489474058151245,
        2.4460878372192383,
        2.484506607055664,
        2.5654959678649902,
        2.51794171333313,
        2.4751999378204346,
        2.5127665996551514,
        2.495305299758911,
        2.5398073196411133
    ],
    "0.1": [
        2.5751078128814697,
        2.56318998336792,
        2.5454094409942627,
        2.4324865341186523,
        2.4752204418182373,
        2.5470829010009766,
        2.5177643299102783,
        2.535588026046753,
        2.588416814804077,
        2.5405406951904297,
        2.405160903930664,
        2.487760066986084,
        2.4875683784484863,
        2.5799314975738525,
        2.547290563583374,
        2.5462982654571533,
        2.529340982437134,
        2.5395355224609375,
        2.5925962924957275,
        2.604046106338501
    ],
    "0.25": [
        2.5668115615844727,
        2.483470916748047,
        2.543225049972534,
        2.5149731636047363,
        2.6121811866760254,
        2.604013681411743,
        2.4783523082733154,
        2.47967529296875,
        2.439364433288574,
        2.4990592002868652,
        2.4557559490203857,
        2.557399034500122,
        2.4939873218536377,
        2.4900314807891846,
        2.5900681018829346,
        2.592778205871582,
        2.655424118041992,
        2.531481981277466,
        2.525649309158325,
        2.508551597595215
    ],
    "0.5": [
        2.6147403717041016,
        2.5511696338653564,
        2.4876623153686523,
        2.4694998264312744,
        2.7045719623565674,
        2.776543140411377,
        2.490696668624878,
        2.6516010761260986,
        2.590796947479248,
        2.6422533988952637,
        2.543328046798706,
        2.5639638900756836,
        2.541964530944824,
        2.4556431770324707,
        2.6540281772613525,
        2.5304453372955322,
        2.590660333633423,
        2.479369640350342,
        2.55814528465271,
        2.744459629058838
    ],
    "1.0": [
        2.6921629905700684,
        2.452378988265991,
        2.527714729309082,
        2.5400233268737793,
        2.4740896224975586,
        2.4851772785186768,
        2.506042242050171,
        2.4974849224090576,
        2.5763683319091797,
        3.3588931560516357,
        2.6669187545776367,
        1900,
        1900,
        1900,
        1900,
        1900,
        1900,
        1900,
        1900,
        1900
    ]
}