{
    "0.0": [
        0.7270767665094816,
        0.7270767665094816,
        0.7270767665094816,
        0.7270767665094816,
        0.7270767665094816,
        0.7270767665094816,
        0.7270767665094816,
        0.7270767665094816,
        0.7270767665094816,
        0.7270767665094816,
        0.7270767665094816,
        0.7270767665094816,
        0.7270767665094816,
        0.7270767665094816,
        0.7270767665094816,
        0.7270767665094816,
        0.7270767665094816,
        0.7270767665094816,
        0.7270767665094816,
        0.7270767665094816
    ],
    "0.1": [
        0.5314708740776292,
        0.7433536390309676,
        0.6535155428034274,
        0.6430968775713481,
        0.7054364419992818,
        0.7572191451320882,
        0.6846021217488837,
        0.7020167098960769,
        0.6478596888571704,
        0.6527148717059147,
        0.6458863065855215,
        0.6366702063471724,
        0.644035000607752,
        0.7344010342628944,
        0.5867742970644328,
        0.6197150978188951,
        0.6544166301379433,
        0.48095524535848777,
        0.6269182975850566,
        0.7314592205298439
    ],
    "0.25": [
        0.7895242016936537,
        0.7662865219588054,
        0.6427269722772092,
        0.6678362475417431,
        0.8245516399652778,
        0.6719507241726858,
        0.5772687448566055,
        0.7077219691136998,
        0.6715972176713445,
        0.6329742913251408,
        0.7375981299385252,
        0.7209972813682877,
        0.7520971422977034,
        0.8117462250893345,
        0.7137460241134808,
        0.7291393816165992,
        0.7853770855137597,
        0.824625293726654,
        0.5696807384895808,
        0.7879727448404108
    ],
    "0.5": [
        0.8247576861896285,
        0.7309700884110881,
        0.7197669869318438,
        0.6599980791959279,
        0.8493088304797651,
        0.7876119838962884,
        0.7131820689465614,
        0.8158655637088239,
        0.7753694858023131,
        0.8381983765045663,
        0.8224068009802433,
        0.8905324058904481,
        0.7879531238242965,
        0.6594469266195766,
        0.7755283508139982,
        0.8511131449119178,
        0.8497839108273163,
        0.8490817044251984,
        0.6769521705346527,
        0.8637642800454519
    ],
    "1.0": [
        0.803945622904108,
        0.9305177614972604,
        0.8501399594600185,
        0.8237397926768016,
        0.9024439413588142,
        0.8361246406652811,
        0.8888613999232171,
        0.8634056949534819,
        0.7777597734408669,
        0.9020250203211856,
        0.852862302209877,
        0,
        0,
        0,
        0,
        0,
        0,
        0,
        0,
        0
    ]
}